{"5 + 50": [0.6826573163786906, 0.4000589713295096, 0.47382711274131445, "              precision    recall  f1-score   support\n\n           O       0.89      0.99      0.94     38323\n       B-PER       0.66      0.18      0.28      1617\n       I-PER       0.50      0.03      0.06      1156\n       B-ORG       0.62      0.28      0.38      1661\n       I-ORG       0.59      0.22      0.32       835\n       B-LOC       0.78      0.62      0.69      1668\n       I-LOC       0.64      0.35      0.45       257\n      B-MISC       0.73      0.44      0.55       702\n      I-MISC       0.74      0.48      0.58       216\n\n    accuracy                           0.87     46435\n   macro avg       0.68      0.40      0.47     46435\nweighted avg       0.85      0.87      0.84     46435\n"], "5 + 100": [0.688967346239554, 0.4964206621712729, 0.5587086393859689, "              precision    recall  f1-score   support\n\n           O       0.91      0.99      0.95     38323\n       B-PER       0.70      0.34      0.46      1617\n       I-PER       0.49      0.09      0.15      1156\n       B-ORG       0.69      0.45      0.55      1661\n       I-ORG       0.66      0.37      0.47       835\n       B-LOC       0.79      0.70      0.74      1668\n       I-LOC       0.61      0.40      0.48       257\n      B-MISC       0.74      0.57      0.65       702\n      I-MISC       0.61      0.56      0.58       216\n\n    accuracy                           0.89     46435\n   macro avg       0.69      0.50      0.56     46435\nweighted avg       0.87      0.89      0.87     46435\n"], "5 + 200": [0.6959851169399899, 0.544791428386348, 0.6009950528754646, "              precision    recall  f1-score   support\n\n           O       0.93      0.99      0.96     38323\n       B-PER       0.74      0.42      0.54      1617\n       I-PER       0.47      0.17      0.25      1156\n       B-ORG       0.69      0.53      0.60      1661\n       I-ORG       0.65      0.43      0.51       835\n       B-LOC       0.79      0.72      0.75      1668\n       I-LOC       0.62      0.42      0.50       257\n      B-MISC       0.78      0.63      0.70       702\n      I-MISC       0.60      0.59      0.59       216\n\n    accuracy                           0.90     46435\n   macro avg       0.70      0.54      0.60     46435\nweighted avg       0.89      0.90      0.89     46435\n"], "5 + 300": [0.6985023390575938, 0.5571010805095125, 0.6088721221502512, "              precision    recall  f1-score   support\n\n           O       0.93      0.99      0.96     38323\n       B-PER       0.78      0.42      0.54      1617\n       I-PER       0.48      0.19      0.28      1156\n       B-ORG       0.77      0.51      0.62      1661\n       I-ORG       0.65      0.47      0.54       835\n       B-LOC       0.79      0.73      0.76      1668\n       I-LOC       0.59      0.44      0.51       257\n      B-MISC       0.73      0.67      0.70       702\n      I-MISC       0.56      0.58      0.57       216\n\n    accuracy                           0.91     46435\n   macro avg       0.70      0.56      0.61     46435\nweighted avg       0.89      0.91      0.89     46435\n"], "10 + 50": [0.6874052401442001, 0.3889875077097191, 0.4581641965236001, "              precision    recall  f1-score   support\n\n           O       0.88      0.99      0.93     38323\n       B-PER       0.68      0.18      0.29      1617\n       I-PER       0.42      0.03      0.06      1156\n       B-ORG       0.63      0.24      0.35      1661\n       I-ORG       0.76      0.14      0.24       835\n       B-LOC       0.76      0.61      0.68      1668\n       I-LOC       0.66      0.32      0.43       257\n      B-MISC       0.70      0.49      0.57       702\n      I-MISC       0.68      0.50      0.58       216\n\n    accuracy                           0.87     46435\n   macro avg       0.69      0.39      0.46     46435\nweighted avg       0.84      0.87      0.84     46435\n"], "10 + 100": [0.6790925299072492, 0.49268048770692296, 0.5548018361835089, "              precision    recall  f1-score   support\n\n           O       0.91      0.99      0.95     38323\n       B-PER       0.69      0.33      0.45      1617\n       I-PER       0.40      0.08      0.14      1156\n       B-ORG       0.72      0.42      0.53      1661\n       I-ORG       0.65      0.39      0.49       835\n       B-LOC       0.77      0.70      0.73      1668\n       I-LOC       0.68      0.42      0.52       257\n      B-MISC       0.71      0.55      0.62       702\n      I-MISC       0.59      0.55      0.57       216\n\n    accuracy                           0.89     46435\n   macro avg       0.68      0.49      0.55     46435\nweighted avg       0.87      0.89      0.87     46435\n"], "10 + 200": [0.6895264547814529, 0.5435649984591231, 0.594706691499061, "              precision    recall  f1-score   support\n\n           O       0.93      0.99      0.96     38323\n       B-PER       0.75      0.41      0.53      1617\n       I-PER       0.50      0.16      0.24      1156\n       B-ORG       0.72      0.50      0.59      1661\n       I-ORG       0.65      0.42      0.51       835\n       B-LOC       0.77      0.73      0.75      1668\n       I-LOC       0.62      0.51      0.56       257\n      B-MISC       0.71      0.60      0.65       702\n      I-MISC       0.56      0.58      0.57       216\n\n    accuracy                           0.90     46435\n   macro avg       0.69      0.54      0.59     46435\nweighted avg       0.89      0.90      0.89     46435\n"], "10 + 300": [0.7025855824596398, 0.5588710571522816, 0.610851275919249, "              precision    recall  f1-score   support\n\n           O       0.93      0.99      0.96     38323\n       B-PER       0.80      0.42      0.55      1617\n       I-PER       0.50      0.19      0.27      1156\n       B-ORG       0.74      0.50      0.60      1661\n       I-ORG       0.68      0.45      0.54       835\n       B-LOC       0.78      0.73      0.75      1668\n       I-LOC       0.60      0.51      0.55       257\n      B-MISC       0.72      0.66      0.69       702\n      I-MISC       0.58      0.58      0.58       216\n\n    accuracy                           0.91     46435\n   macro avg       0.70      0.56      0.61     46435\nweighted avg       0.89      0.91      0.89     46435\n"], "15 + 50": [0.6778663001343301, 0.4013924566352467, 0.46951590044307223, "              precision    recall  f1-score   support\n\n           O       0.89      0.99      0.94     38323\n       B-PER       0.70      0.19      0.30      1617\n       I-PER       0.50      0.03      0.06      1156\n       B-ORG       0.62      0.26      0.36      1661\n       I-ORG       0.68      0.21      0.32       835\n       B-LOC       0.80      0.61      0.69      1668\n       I-LOC       0.59      0.33      0.42       257\n      B-MISC       0.72      0.50      0.59       702\n      I-MISC       0.61      0.50      0.55       216\n\n    accuracy                           0.87     46435\n   macro avg       0.68      0.40      0.47     46435\nweighted avg       0.85      0.87      0.84     46435\n"], "15 + 100": [0.6616925027360921, 0.49373151128427345, 0.5514924773926829, "              precision    recall  f1-score   support\n\n           O       0.91      0.99      0.95     38323\n       B-PER       0.67      0.35      0.46      1617\n       I-PER       0.38      0.09      0.14      1156\n       B-ORG       0.68      0.43      0.53      1661\n       I-ORG       0.61      0.35      0.45       835\n       B-LOC       0.81      0.69      0.75      1668\n       I-LOC       0.58      0.40      0.47       257\n      B-MISC       0.74      0.57      0.64       702\n      I-MISC       0.58      0.56      0.57       216\n\n    accuracy                           0.89     46435\n   macro avg       0.66      0.49      0.55     46435\nweighted avg       0.87      0.89      0.87     46435\n"],