{"5 + 50": [0.611102744492798, 0.5146778894535163, 0.5540875527493627, "              precision    recall  f1-score   support\n\n           O       0.93      0.98      0.95     38323\n       B-PER       0.56      0.40      0.47      1617\n       I-PER       0.35      0.16      0.22      1156\n       B-ORG       0.60      0.46      0.52      1661\n       I-ORG       0.49      0.41      0.45       835\n       B-LOC       0.73      0.71      0.72      1668\n       I-LOC       0.52      0.40      0.45       257\n      B-MISC       0.64      0.58      0.61       702\n      I-MISC       0.68      0.53      0.60       216\n\n    accuracy                           0.89     46435\n   macro avg       0.61      0.51      0.55     46435\nweighted avg       0.87      0.89      0.88     46435\n"], "5 + 100": [0.6390690158205342, 0.5600146239175638, 0.5924448642681526, "              precision    recall  f1-score   support\n\n           O       0.94      0.98      0.96     38323\n       B-PER       0.63      0.44      0.52      1617\n       I-PER       0.36      0.18      0.24      1156\n       B-ORG       0.63      0.52      0.57      1661\n       I-ORG       0.57      0.45      0.50       835\n       B-LOC       0.73      0.75      0.74      1668\n       I-LOC       0.53      0.51      0.52       257\n      B-MISC       0.73      0.65      0.69       702\n      I-MISC       0.64      0.57      0.60       216\n\n    accuracy                           0.90     46435\n   macro avg       0.64      0.56      0.59     46435\nweighted avg       0.88      0.90      0.89     46435\n"], "5 + 200": [0.6480051297012668, 0.5658047672969775, 0.5994218800634965, "              precision    recall  f1-score   support\n\n           O       0.94      0.98      0.96     38323\n       B-PER       0.67      0.43      0.52      1617\n       I-PER       0.37      0.22      0.27      1156\n       B-ORG       0.67      0.52      0.58      1661\n       I-ORG       0.59      0.47      0.52       835\n       B-LOC       0.74      0.73      0.74      1668\n       I-LOC       0.59      0.49      0.54       257\n      B-MISC       0.68      0.66      0.67       702\n      I-MISC       0.58      0.59      0.59       216\n\n    accuracy                           0.90     46435\n   macro avg       0.65      0.57      0.60     46435\nweighted avg       0.89      0.90      0.89     46435\n"], "5 + 300": [0.6519199068439112, 0.5668942914172688, 0.5994672333185601, "              precision    recall  f1-score   support\n\n           O       0.94      0.98      0.96     38323\n       B-PER       0.69      0.44      0.54      1617\n       I-PER       0.44      0.21      0.28      1156\n       B-ORG       0.71      0.51      0.60      1661\n       I-ORG       0.53      0.48      0.50       835\n       B-LOC       0.72      0.74      0.73      1668\n       I-LOC       0.58      0.51      0.55       257\n      B-MISC       0.68      0.66      0.67       702\n      I-MISC       0.58      0.56      0.57       216\n\n    accuracy                           0.90     46435\n   macro avg       0.65      0.57      0.60     46435\nweighted avg       0.89      0.90      0.89     46435\n"], "10 + 50": [0.6327386848295697, 0.5359251472790312, 0.5752271878975448, "              precision    recall  f1-score   support\n\n           O       0.93      0.98      0.95     38323\n       B-PER       0.59      0.41      0.48      1617\n       I-PER       0.33      0.15      0.20      1156\n       B-ORG       0.59      0.51      0.55      1661\n       I-ORG       0.54      0.41      0.47       835\n       B-LOC       0.73      0.71      0.72      1668\n       I-LOC       0.62      0.47      0.54       257\n      B-MISC       0.66      0.63      0.64       702\n      I-MISC       0.71      0.56      0.62       216\n\n    accuracy                           0.89     46435\n   macro avg       0.63      0.54      0.58     46435\nweighted avg       0.87      0.89      0.88     46435\n"], "10 + 100": [0.6278361553805261, 0.5483267795135228, 0.5811029985457602, "              precision    recall  f1-score   support\n\n           O       0.94      0.98      0.96     38323\n       B-PER       0.65      0.43      0.52      1617\n       I-PER       0.34      0.21      0.26      1156\n       B-ORG       0.62      0.53      0.57      1661\n       I-ORG       0.52      0.50      0.51       835\n       B-LOC       0.76      0.72      0.74      1668\n       I-LOC       0.56      0.38      0.45       257\n      B-MISC       0.71      0.61      0.66       702\n      I-MISC       0.55      0.57      0.56       216\n\n    accuracy                           0.89     46435\n   macro avg       0.63      0.55      0.58     46435\nweighted avg       0.88      0.89      0.89     46435\n"], "10 + 200": [0.6344116544410157, 0.5627486058642763, 0.5886675704082133, "              precision    recall  f1-score   support\n\n           O       0.94      0.98      0.96     38323\n       B-PER       0.64      0.43      0.51      1617\n       I-PER       0.37      0.20      0.26      1156\n       B-ORG       0.71      0.48      0.58      1661\n       I-ORG       0.59      0.44      0.51       835\n       B-LOC       0.71      0.77      0.74      1668\n       I-LOC       0.60      0.52      0.56       257\n      B-MISC       0.66      0.66      0.66       702\n      I-MISC       0.49      0.59      0.54       216\n\n    accuracy                           0.90     46435\n   macro avg       0.63      0.56      0.59     46435\nweighted avg       0.88      0.90      0.89     46435\n"], "10 + 300": [0.653804840062929, 0.5678034524167388, 0.6023762983087768, "              precision    recall  f1-score   support\n\n           O       0.94      0.98      0.96     38323\n       B-PER       0.70      0.42      0.53      1617\n       I-PER       0.39      0.23      0.29      1156\n       B-ORG       0.70      0.51      0.59      1661\n       I-ORG       0.56      0.48      0.52       835\n       B-LOC       0.75      0.75      0.75      1668\n       I-LOC       0.56      0.49      0.52       257\n      B-MISC       0.68      0.65      0.67       702\n      I-MISC       0.60      0.59      0.60       216\n\n    accuracy                           0.90     46435\n   macro avg       0.65      0.57      0.60     46435\nweighted avg       0.89      0.90      0.89     46435\n"], "15 + 50": [0.6331419855744943, 0.5205374766997131, 0.563677226213442, "              precision    recall  f1-score   support\n\n           O       0.93      0.98      0.95     38323\n       B-PER       0.59      0.42      0.49      1617\n       I-PER       0.33      0.13      0.19      1156\n       B-ORG       0.63      0.47      0.54      1661\n       I-ORG       0.53      0.42      0.47       835\n       B-LOC       0.69      0.74      0.72      1668\n       I-LOC       0.60      0.37      0.46       257\n      B-MISC       0.69      0.61      0.65       702\n      I-MISC       0.69      0.54      0.61       216\n\n    accuracy                           0.89     46435\n   macro avg       0.63      0.52      0.56     46435\nweighted avg       0.87      0.89      0.88     46435\n"], "15 + 100": [0.643767003255022, 0.554731128088947, 0.5901771409509379, "              precision    recall  f1-score   support\n\n           O       0.94      0.98      0.96     38323\n       B-PER       0.62      0.45      0.52      1617\n       I-PER       0.38      0.20      0.26      1156\n       B-ORG       0.65      0.49      0.56      1661\n       I-ORG       0.62      0.41      0.49       835\n       B-LOC       0.70      0.76      0.73      1668\n       I-LOC       0.58      0.52      0.55       257\n      B-MISC       0.65      0.64      0.64       702\n      I-MISC       0.65      0.55      0.60       216\n\n    accuracy                           0.89     46435\n   macro avg       0.64      0.55      0.59     46435\nweighted avg       0.88      0.89      0.89     46435\n"],